url,title,thumbnail
https://www.republicworld.com/shows/sunday-debate-with-arnab/sunday-debate-on-number-nocoronapolitics,#NoCoronaPolitics | Who is politicising lockdown violations?,15866882845e92f11c56098.jpeg
https://www.republicworld.com/shows/sunday-debate-with-arnab/sunday-debate-on-number-9minutesforindia,#9MinutesForIndia,15861498895e8aba0176290.jpeg
https://www.republicworld.com/shows/sunday-debate-with-arnab/sunday-debate-on-number-mediaforlockdown,#MediaForLockdown,15855111335e80fadd83c9d.jpeg
https://www.republicworld.com/shows/sunday-debate-with-arnab/sunday-debate-on-number-finding2024oppn,#Finding2024Oppn | Is there a challenge to the BJP nationally?,15842614175e6de929b488b.jpeg
https://www.republicworld.com/shows/sunday-debate-with-arnab/sunday-debate-on-number-riotersnotheroes,#RiotersNotHeroes,15836682615e64dc25e6e15.jpeg
https://www.republicworld.com/shows/sunday-debate-with-arnab/sunday-debate-on-number-riotreality,#RiotReality,15830593115e5b916f5d603.jpeg
https://www.republicworld.com/shows/sunday-debate-with-arnab/sunday-debate-on-number-saveelectoraldemocracy,#SaveElectoralDemocracy | 'Electoral' vs 'Participatory' democracy,15824497545e52445a2730b.jpeg
https://www.republicworld.com/shows/sunday-debate-with-arnab/sunday-debate-on-number-rightthenewcentre,#RightTheNewCentre l Nationalism's primacy now universally accepted?,15818537255e492c1d22848.jpeg
https://www.republicworld.com/shows/sunday-debate-with-arnab/sunday-debate-on-number-shaheenbaghmodel,#ShaheenBaghModel | Are politicians trying to creat a fear psychosis?,15812404485e3fd08049a1d.jpeg
https://www.republicworld.com/shows/sunday-debate-with-arnab/sunday-debate-on-number-shaheenbaghworry,#ShaheenBaghWorry | Who wants Delhi on the boil?,15806516355e36d473533d7.jpeg
https://www.republicworld.com/shows/sunday-debate-with-arnab/sunday-debate-on-number-azadidebate,#AzadiDebate | What are the Azadi slogans about?,15794320045e2438447d4e2.jpeg
https://www.republicworld.com/shows/sunday-debate-with-arnab/sunday-debate-on-number-number-dontburncampuses,#DontBurnCampuses | Who is burning India's campuses?,15788360405e1b20487a9bc.jpeg
https://www.republicworld.com/shows/sunday-debate-with-arnab/sunday-debate-dont-provoke-muslims,#DontProvokeMuslims | Creating paranoia to carve out a vote bank?,15782178885e11b1a0a0eb2.jpeg
https://www.republicworld.com/shows/sunday-debate-with-arnab/sunday-debate-on-number-nrcnarcotest,Which side is lying on the #NRCNarcoTest?,15778101915e0b790f9b59d.jpeg
https://www.republicworld.com/shows/sunday-debate-with-arnab/sunday-debate-on-number-whoprovokesindia,#WhoProvokesIndia | Who misled minorities on CAA+ NRC?,15778102275e0b793397deb.jpeg
https://www.republicworld.com/shows/sunday-debate-with-arnab/sunday-debate-on-number-citizenwho,#CitizenWho | India for Indians or foreigners?,15778103055e0b7981bf5c0.jpeg
https://www.republicworld.com/shows/sunday-debate-with-arnab/sunday-debate-on-number-ideologymissing,#IdeologyMissing | Did all the parties dump their ideology for power?,15778112355e0b7d233a537.jpeg
https://www.republicworld.com/shows/sunday-debate-with-arnab/sunday-debate-on-number-mahasurprise,#MahaSurprise l BJP Masterstroke or Sena Betrayal ?,15746097075ddaa32bc11db.jpeg
https://www.republicworld.com/shows/sunday-debate-with-arnab/sunday-debate-on-number-lessonsofayodhya,Sunday Debate on #LessonsOfAyodhya,15733967955dc8213b10ef3.jpeg
https://www.republicworld.com/shows/sunday-debate-with-arnab/sunday-debate-on-number-middleclassmatters,Sunday Debate on #MiddleClassMatters,15722501215db6a209a529c.jpeg
https://www.republicworld.com/shows/sunday-debate-with-arnab/sunday-debate-on-number-brazennetas,#BrazenNetas | Aren't there things that netas shouldn't even try to brazen out?,15715702115dac42239e86f.jpeg
https://www.republicworld.com/shows/sunday-debate-with-arnab/sunday-debate-on-number-moderndaymirjafars,#ModernDayMirJafars | Who are the Mir Jafars of Modern India?,15709683195da312ff645d8.jpeg
https://www.republicworld.com/shows/sunday-debate-with-arnab/sunday-debate-on-number-nayakashmir,#NayaKashmir | Who represents the people of Kashmir?,15703604225d99cc663face.jpeg
https://www.republicworld.com/shows/sunday-debate-with-arnab/sunday-debate-on-number-modistylediplomacy,#ModiStyleDiplomacy | India a stronger negotiator now?,15697627495d90adbd6142f.jpeg
https://www.republicworld.com/shows/sunday-debate-with-arnab/sunday-debate-on-number-nooppncountry,Is Opposition alone responsible for a #NoOppnCountry?,15685435495d7e133d3a245.jpeg
https://www.republicworld.com/shows/sunday-debate-with-arnab/sunday-debate-on-number-thestraightway,The real era of transparency begins with #TheStraightWay.,15679373565d74d34c44484.jpeg
https://www.republicworld.com/shows/sunday-debate-with-arnab/sunday-debate-on-number-mediadebate,"#MediaDebate | Western media obsession, but no facts?",15673276715d6b85b752cb9.jpeg
https://www.republicworld.com/shows/sunday-debate-with-arnab/sunday-debate-on-number-kashmirlooksahead,#KashmirLooksAhead | 'Nehru to blame for Kashmir being held back'?,15655207135d4ff34989f62.jpeg
https://www.republicworld.com/shows/sunday-debate-with-arnab/sunday-debate-on-number-indiaforkashmir,#IndiaForKashmir | Biggest debate on Kashmir deployment,15649206005d46cb182cb79.jpeg
https://www.republicworld.com/shows/sunday-debate-with-arnab/sunday-debate-on-number-nationvslobby,"#NationVsLobby | 49 celebs vs 62 celebs, letter vs letter - who has the edge?",15643087335d3d74fd8a2e2.jpeg
https://www.republicworld.com/shows/sunday-debate-with-arnab/sunday-debate-on-number-whoinstigates,#WhoInstigates | Religious instigation to target BJP?,15624963775d21cd7912c1c.jpeg
https://www.republicworld.com/shows/sunday-debate-with-arnab/sunday-debate-on-number-vendettabogey,#VendettaBogey | Where is the 'vendetta' in crackdown?,15618869275d1880cfa4911.jpeg
https://www.republicworld.com/shows/sunday-debate-with-arnab/sunday-debate-on-number-citizenvsneta,"#CitizenVsNeta | From Bihar to Karnataka to Bengal, now citizens won't let Netas drown their voices anymore.",15612873735d0f5acdd8385.jpeg
https://www.republicworld.com/shows/sunday-debate-with-arnab/sunday-debate-on-number-uniteindia,#UniteIndia | Who tried to divide India in 2019 elections?,15594766495cf3b9a9b1102.jpeg
https://www.republicworld.com/shows/sunday-debate-with-arnab/sunday-debate-on-number-indiavsvadras,#IndiaVsVadras | Is Vadra dynasty acceptable to new india?,15570505205cceb498d09c1.jpeg
https://www.republicworld.com/shows/sunday-debate-with-arnab/sunday-debate-on-number-modiwaveelection,"#ModiWaveElection | From Varanasi to Mumbai, is it a #ModiWaveElection?",15564516935cc5916db48d0.jpeg
https://www.republicworld.com/shows/sunday-debate-with-arnab/sunday-debate-on-number-dharmayudhdebate,#DharmayudhDebate | Has 2019 election become a Dharam Yudh?,15558407185cbc3ece061d3.jpeg
https://www.republicworld.com/shows/sunday-debate-with-arnab/sunday-debate-on-number-2019dirtycampaign,#2019DirtyCampaign | Who spoilt the 2019 campaign?,15552363755cb306177567e.jpeg
https://www.republicworld.com/shows/sunday-debate-with-arnab/sunday-debate-on-number-indiaforafspa,#IndiaforAFSPA | Is Congress trying to demoralise the forces by reducing the number of forces in the Kashmir valley?,15546359435ca9dca779123.jpeg
https://www.republicworld.com/shows/sunday-debate-with-arnab/sunday-debate-on-number-modionrepublic,#ModiOnRepublic | Watch the Sunday Debate as the panelists debate the Prime Minister's big 2019 elections interview,15540336265ca0abda03d12.jpeg
https://www.republicworld.com/shows/sunday-debate-with-arnab/sunday-debate-on-number-chowkidardebate,#ChowkidarDebate| Who is India's 'Real Chowkidar',15534171655c9743cdcdd8c.jpeg
https://www.republicworld.com/shows/sunday-debate-with-arnab/sunday-debate-on-number-debateonantinationals,#DebateOnAntiNationals | Why so touchy about term 'anti-national?',15528198455c8e26850a649.jpeg
https://www.republicworld.com/shows/sunday-debate-with-arnab/sunday-debate-on-number-nationfirst,#NationFirst | Did one group work against India's interest? Did they question keeping elections in mind?,15522110195c84dc4b93ee9.jpeg
https://www.republicworld.com/shows/sunday-debate-with-arnab/sunday-debate-on-number-kashmirdebate,#KashmirDebate | Will pro-Azadi change track after Pulwama?,15509997505c7260c61569b.jpeg
https://www.republicworld.com/shows/sunday-debate-with-arnab/sunday-debate-on-number-timeforrevenge,#TimeForRevenge | Is it the ultimate time for revenge on Pakistan?,15503940775c6922dd8f5f4.jpeg
https://www.republicworld.com/shows/sunday-debate-with-arnab/sunday-debate-on-number-55yearsvs55months,#55YearsVs55Months | What's your take on #55YearsVs55Months?,15497937785c5ff9f276059.jpeg
https://www.republicworld.com/shows/sunday-debate-with-arnab/number-assertyournationalism-for-years-there-has-been-an-attempt-to-run-down-nationalism,Sunday Debate on #AssertYourNationalism,15485833775c4d81d192908.jpeg
https://www.republicworld.com/shows/sunday-debate-with-arnab/sunday-debate-on-number-tukdetukdedebate,#TukdeTukdeDebate | Tukde chargesheet exposes 2016 plot,15479773285c444270e3e39.jpeg
https://www.republicworld.com/shows/sunday-debate-with-arnab/sunday-debate-on-number-whodivides,#WhoDivides | Is the 'unity show' only for votes?,15473723635c3b074be5562.jpeg
https://www.republicworld.com/shows/sunday-debate-with-arnab/sunday-debate-on-number-jhootpolitics,#JhootPolitics | Is politics of lie a reality ahead of the Lok Sabha elections?,15467688795c31d1ef4d250.jpeg
https://www.republicworld.com/shows/sunday-debate-with-arnab/sunday-debate-on-number-thetrolldebate,#TheTrollDebate | Did social media trolling peak in 2018?,15461614835c288d4b8d39a.jpeg
https://www.republicworld.com/shows/sunday-debate-with-arnab/sunday-debate-on-number-savedemocracydebate,#SaveDemocracyDebate | What will they 'save Democracy' from?,15455668415c1f7a798934f.jpeg
https://www.republicworld.com/shows/sunday-debate-with-arnab/sunday-debate-on-number-2019war,#2019War | Will 2018 verdict impact 2019?,15449501425c16117e52bf8.jpeg
https://www.republicworld.com/shows/sunday-debate-with-arnab/sunday-debate-on-number-dec11witharnab,#Dec11WithArnab | Who is the pressure on before the big election results? Rahul Gandhi or Narendra Modi?,15443641945c0d20a2f1579.jpeg
https://www.republicworld.com/shows/sunday-debate-with-arnab/sunday-debate-on-number-mandirmasjiddebate,#MandirMasjidDebate | Who is trying to provoke with Mandir-Masjid politics?,15437423945c03a3ba396ff.jpeg
https://www.republicworld.com/shows/sunday-debate-with-arnab/sunday-debate-on-number-gaalidebate,#GaaliDebate | Will issues decide or Gaali?,15431401615bfa7341d6d6d.jpeg
https://www.republicworld.com/shows/sunday-debate-with-arnab/sunday-debate-on-number-legacydebate,#LegacyDebate | Has there been a deliberate attempt to push the legacy of only one family?,15425633655bf1a625d7f55.jpeg
https://www.republicworld.com/shows/sunday-debate-with-arnab/sunday-debate-on-number-legacydebate,#LegacyDebate | Can one family take credit for modern-day India?,15425265035bf1162732e1f.jpeg
https://www.republicworld.com/shows/sunday-debate-with-arnab/sunday-debate-on-number-resolveayodhya,#ResolveAyodhya | Should Ayodhya dispute be resolved at the earliest?,15413251695bdec17109614.jpeg
https://www.republicworld.com/shows/sunday-debate-with-arnab/sunday-debate-on-number-ayodhyadebate,#AyodhyaDebate | Is it about a mandir or about mandir politics?,15407253095bd59a3d5d3b4.jpeg
https://www.republicworld.com/shows/sunday-debate-with-arnab/sunday-debate-on-number-2019edge,#2019Edge | Who has the edge for 2019?,15376949005ba75cb4e6329.jpeg
https://www.republicworld.com/shows/sunday-debate-with-arnab/sunday-debate-on-number-outragedebate,#OutrageDebate | Whose outrage is justified: Right or anti-right?,15370944405b9e332845d45.jpeg
https://www.republicworld.com/shows/sunday-debate-with-arnab/sunday-debate-on-number-sanskardebate,#SanskarDebate | Should people stop using 'Sanskar' to justify everything that is wrong?,15364859105b94ea160db01.jpeg
https://www.republicworld.com/shows/sunday-debate-with-arnab/has-the-time-come-to-number-destroymaoists,Has the time come to #DestroyMaoists?,15358883895b8bcc0574bfe.jpeg
https://www.republicworld.com/shows/sunday-debate-with-arnab/sunday-debate-on-number-hinducarddebate,#HinduCardDebate | Who’s trying to win the Hindu card ahead of 2019?,15352965485b82c42406e5b.jpeg
https://www.republicworld.com/shows/sunday-debate-with-arnab/sunday-debate-on-number-thehistorydebate,#TheHistoryDebate | Has the Anti-Right tried to black out a part of history?,15346725675b793eb712bc1.jpeg
https://www.republicworld.com/shows/sunday-debate-with-arnab/sunday-debate-on-number-thebignrcdebate,#TheBigNRCDebate | Is it time for NRC across India?,15340694665b700adabedcd.jpeg
https://www.republicworld.com/shows/sunday-debate-with-arnab/sunday-debate-on-number-finallutyensdebate,#FinalLutyensDebate | Is Lutyens' media serving limited interests? ',15334631965b66ca9cf2c49.jpeg
https://www.republicworld.com/shows/sunday-debate-with-arnab/sunday-debate-on-number-lutyensdebate,#LutyensDebate | Has the 'Lutyens' fallen to irrelevance?,15328518395b5d767fc4aee.jpeg
https://www.republicworld.com/shows/sunday-debate-with-arnab/has-modi-government-lived-up-to-expectations,Sunday Debate on #Modi4Years,15274298895b0abb0169ccb.jpeg
https://www.republicworld.com/shows/sunday-debate-with-arnab/sunday-debate-on-number-karnatakalesson,#KarnatakaLesson: Unstable alliance vs no alliance,15268329675b019f47938ce.jpeg
https://www.republicworld.com/shows/sunday-debate-with-arnab/isnt-it-time-to-say-no-azadi-and-shut-down-the-azadi-shop,Time to say 'No Azadi',15262229915af8508f85d3a.jpeg
https://www.republicworld.com/shows/sunday-debate-with-arnab/isnt-there-an-anti-women-mindset-across-religion-and-regions,Fight Anti-Women Mindset,15260483125af5a6387ee10.jpeg
https://www.republicworld.com/shows/sunday-debate-with-arnab/sunday-debate-on-number-2019aboutmodi,#2019AboutModi: The national leadership debate,15250183555ae5eef383294.jpeg
https://www.republicworld.com/shows/sunday-debate-with-arnab/sunday-debate-on-number-battleovercji,#BattleOverCJI: The biggest debate on impeachment,15244127445adcb1487bc99.jpeg
https://www.republicworld.com/shows/sunday-debate-with-arnab/sunday-debate-on-number-netasdontpreach,#NetasDontPreach: India forced netas to speak up,15238163285ad39788d80da.jpeg
https://www.republicworld.com/shows/sunday-debate-with-arnab/which-side-is-more-intolerant-right-or-non-right,Battle Of Two Competing Ideologies,15232035465aca3dda6ca4a.jpeg
https://www.republicworld.com/shows/sunday-debate-with-arnab/who-made-religion-the-centrestage-ahead-of-2019,Who made religion the centrestage ahead of 2019?,15226602615ac1f3a57d610.jpeg
https://www.republicworld.com/shows/sunday-debate-with-arnab/will-2019-election-be-fought-on-national-issues-or-regional-issues,Vote for what in 2019?,15219856855ab7a895a12b1.jpeg
https://www.republicworld.com/shows/sunday-debate-with-arnab/nda-or-new-front-who-is-ahead-in-2019-fight,NDA Vs New Front,15213932725aae9e78f1550.jpeg
https://www.republicworld.com/shows/sunday-debate-with-arnab/who-do-you-think-is-provoking-statue-madness,The #StatueDebate Continues,15207670085aa51020852aa.jpeg
https://www.republicworld.com/shows/sunday-debate-with-arnab/sunday-debate-on-number-wholootedindia,#WhoLootedIndia: NDA or UPA?,15201868945a9c360ef184c.jpeg
https://www.republicworld.com/shows/sunday-debate-with-arnab/who-is-responsible-for-number-niravgate,Sunday Debate on #NiravGate,15189747255a89b70583701.jpeg
https://www.republicworld.com/shows/sunday-debate-with-arnab/sunday-debate-on-number-hardlineonterror,Time To Openly Be Hardline?,15183702795a807de7099ea.jpeg
https://www.republicworld.com/shows/sunday-debate-with-arnab/sunday-debate-with-arnab-on-number-whohas2019edge,WhoHas2019Edge,15177648935a77411d1e059.jpeg
https://www.republicworld.com/shows/sunday-debate-with-arnab/sunday-debate-with-arnab-on-nation-first,#NationFirst,15159505695a5b91e984440.jpeg
https://www.republicworld.com/shows/sunday-debate-with-arnab/best-moments-of-the-sunday-debate-with-arnab-in-the-year-2017,Best moments of the Sunday Debate with Arnab,15147269345a48e616cc440.jpeg
https://www.republicworld.com/shows/sunday-debate-with-arnab/who-forgot-scams,#WontForgetScams,15141324655a3fd3f1ed8f0.jpeg
https://www.republicworld.com/shows/sunday-debate-with-arnab/sunday-debate-with-arnab-on-number-dec18witharnab,Dec18WithArnab,15135261405a36937c3fb18.jpeg
https://www.republicworld.com/shows/sunday-debate-with-arnab/sunday-debate-with-arnab-on-who-dumped-vikas,#WhoDumpedVikas,15129313045a2d7fe86205f.jpeg
https://www.republicworld.com/shows/sunday-debate-with-arnab/sunday-debate-with-arnab-on-gujarat-hindu-card,#GujaratHinduCard,15123307185a2455de52f17.jpeg
https://www.republicworld.com/shows/sunday-debate-with-arnab/sunday-debate-with-arnab-on-number-whocommunalisedpolitics,#WhoCommunalisedPolitics,15117143865a1aee52c6f18.jpeg
https://www.republicworld.com/shows/sunday-debate-with-arnab/has-lawlessness-gone-too-far,#PadmavatiFight,15110901455a1167e17e34c.jpeg
https://www.republicworld.com/shows/sunday-debate-with-arnab/is-the-political-class-serving-itself,The Sunday Debate with Arnab on #NetasForVIPs,15105650575a0964c1436af.jpeg
https://www.republicworld.com/shows/sunday-debate-with-arnab/insecure-about-settlement,Insecure about settlement,150994619359fff351e04f2.jpeg
https://www.republicworld.com/shows/sunday-debate-with-arnab/fashionable-to-run-down-anthem,#NationalAnthemDebate,150938801959f76ef3503b8.jpeg
https://www.republicworld.com/shows/sunday-debate-with-arnab/the-sunday-debate-with-arnab-on-number-modibigchanges,The Sunday Debate with Arnab on #ModiBigChanges,150878085059ee2b328b90a.jpeg
https://www.republicworld.com/shows/sunday-debate-with-arnab/the-sunday-debate-with-arnab-on-number-arehindussofttarget,The Sunday Debate with Arnab on #AreHindusSoftTarget,150813549659e452488a93b.jpeg
https://www.republicworld.com/shows/sunday-debate-with-arnab/its-govt-vs-govt-which-side-are-you-on,It's govt vs govt—which side are you on?,150753781259db3394cb9c5.jpeg
https://www.republicworld.com/shows/sunday-debate-with-arnab/has-the-government-failed-to-address-the-problem-of-unemployment-in-india,Has the government failed to address the problem of unemployment in India?,150691743959d1bc3feeaa5.jpeg
https://www.republicworld.com/shows/sunday-debate-with-arnab/the-sunday-debate-with-arnab-on-number-rohingyascompromiseindia,The Sunday Debate with Arnab on #RohingyasCompromiseIndia,150630911659c873fc4b59f.jpeg
https://www.republicworld.com/shows/sunday-debate-with-arnab/the-sunday-debate-with-arnab-on-number-aamaadmibetterorworse,The Sunday Debate With Arnab on #AamAadmiBetterOrWorse,150567913659bed720a2c93.jpeg
https://www.republicworld.com/shows/sunday-debate-with-arnab/the-sunday-debate-with-arnab-on-number-leftrightfaceoff,The Sunday Debate with Arnab on #LeftRightFaceoff,150512605259b666a4bcf65.jpeg
https://www.republicworld.com/shows/sunday-debate-with-arnab/the-sunday-debate-with-arnab-on-number-modi2019cabinet,The Sunday Debate with Arnab on #Modi2019Cabinet,150450576259acefa2ee823.jpeg
https://www.republicworld.com/shows/sunday-debate-with-arnab/the-sunday-debate-with-arnab-on-number-secularvspseudosecular,The Sunday Debate with Arnab on #SecularVsPSeudoSecular,1503301414599a8f26a8b7f.jpeg
https://www.republicworld.com/shows/sunday-debate-with-arnab/is-it-secular-to-insult-martyrs,Is it 'secular' to insult martyrs?,1501495509597f00d55d804.jpeg
https://www.republicworld.com/shows/sunday-debate-with-arnab/sten-lindstrom-reveals-rajivs-role-in-bofors-case,Sten Lindstrom reveals Rajiv's role in Bofors case,15008908875975c70782def.jpeg
https://www.republicworld.com/shows/sunday-debate-with-arnab/swedish-investigator-sten-lindstrom-debates-on-number-republicexposesbofors,Sten Lindstrom debates on #RepublicExposesBofors,15008906465975c616a0a0c.jpeg
https://www.republicworld.com/shows/sunday-debate-with-arnab/bofors-chief-investigator-reveals-all,#RepublicExposesBofors,15008852935975b12d46ee7.jpeg
https://www.republicworld.com/shows/sunday-debate-with-arnab/time-to-reopen-the-bofors-case,#RepublicExposesBofors,15008849895975affd94d6e.jpeg
https://www.republicworld.com/shows/sunday-debate-with-arnab/number-parliamentdebate-2,#ParliamentDebate 2,1500304647596cd50707030.jpeg
https://www.republicworld.com/shows/sunday-debate-with-arnab/number-parliamentdebate,#ParliamentDebate,1500304398596cd40e640a3.jpeg
https://www.republicworld.com/shows/sunday-debate-with-arnab/is-it-time-to-strike-down-the-archaic-section-377,Is it time to strike down the archaic Section 377?,149960715259623070e69f0.jpeg
https://www.republicworld.com/shows/sunday-debate-with-arnab/where-is-the-award-wapsi-brigade-on-bengal-violence,Where is the 'award-wapsi' brigade on Bengal violence?,149960678659622f028b99e.jpeg
https://www.republicworld.com/shows/sunday-debate-with-arnab/congress-panics-over-a-movie-on-emergency,Why is Congress panicking?,14990643885959e84488052.jpeg
https://www.republicworld.com/shows/sunday-debate-with-arnab/india-not-a-nation-of-lynch-mobs,"India, not a nation of lynch mobs",14990645135959e8c161d54.jpeg
https://www.republicworld.com/shows/sunday-debate-with-arnab/what-to-expect-from-number-moditrumphandshake,What to expect from #ModiTrumpHandshake?,1498400689594fc7b14f55f.jpeg
https://www.republicworld.com/shows/sunday-debate-with-arnab/should-governors-rule-be-imposed-in-j-and-k,Should Governor's rule be imposed in J&K?,1498400323594fc643438ef.jpeg
https://www.republicworld.com/shows/sunday-debate-with-arnab/who-is-responsible-for-a-weaker-opposition,Is the opposition missing or non-existent?,1496220262592e8266a2b1d.jpeg
https://www.republicworld.com/shows/sunday-debate-with-arnab/is-it-pro-or-anti-india-to-tolerate-people-who-threaten-to-impose-sharia,Is it pro India or anti India to defend Hurriyat?,1496220192592e822082660.jpeg
https://www.republicworld.com/shows/sunday-debate-with-arnab/isnt-it-unfair-to-criticise-major-leetul-gogoi,"Given the situation he was in, did Major Leetul Gogoi have any other choice?",1496219747592e806342418.jpeg
https://www.republicworld.com/shows/sunday-debate-with-arnab/pakistan-pulls-kashmir-stunt-at-the-icj-but-do-anybody-believe-them,"Given its credibility at the global stage, will Pakistan be taken seriously anymore?",1496219505592e7f714d78b.jpeg
https://www.republicworld.com/shows/sunday-debate-with-arnab/republic-tv-exposes-zakir-naiks-vicious-designs,Is there any doubt that Zakir Naik promotes fanatic religious supremacy?,1496219394592e7f02afc8b.jpeg
https://www.republicworld.com/shows/sunday-debate-with-arnab/republic-tv-exposes-the-enemy-within,Is it time for India to change its strategy while dealing with Pakistan?,1496219185592e7e31619d5.jpeg
https://www.republicworld.com/shows/sunday-debate-with-arnab/nitish-kumar-remains-mum-on-number-lalutapeexposed-can-he-afford-to-have-any-links-with-lalu-anymore,Shouldn't Nitish Kumar snap all ties with Lalu immediately?,1496218980592e7d641e330.jpeg
https://www.republicworld.com/shows/sunday-debate-with-arnab/after-republic-tvs-expose-is-it-endgame-for-arvind-kejriwal,Shouldn't Kejriwal quit now?,1496218664592e7c2857768.jpeg
